category,total_quantity,unique_products,total_store_presence,market_share,avg_quantity_per_product,store_penetration,cluster
Distilled Spirits,1.0050412e+07,1968,144143,60.21332,5106.916666666667,999.6740411956447,2
Package,5.213409e+06,1294,361272,31.234211,4028.9095826893354,2505.527429086622,1
Wine,704022.56,1494,21922,4.2178903,471.23330823293173,152.0355087037936,0
Non-Alcohol,591392.75,571,89569,3.5431106,1035.714098073555,621.1873222830988,3
Draft,85512.0,770,15674,0.5123135,111.05454545454545,108.7037936056592,0
ABA Spirits,46369.137,90,6517,0.2778035,515.2126302083333,45.19730910604064,0
Tobacco,225.3,2,120,0.0013498015,112.6500015258789,0.8322352451626327,0
